1940.0,6.0,637819.0,,2011,2017
2546.0,6.0,645778.0,2012,2016,2017
2107.0,2.0,38000000.0,,2014,2016
3156.0,5.0,7750000.0,2013,,2016
3157.0,5.0,7850000.0,2013,,2016
1941.0,6.0,623032.0,,2011,2017
1946.0,4.0,391791.0,,2014,2017
1791.0,2.0,81600000.0,,2011,2015
2169.0,3.0,478230.0,2011,2014,2016
2534.0,6.0,1007993.0,2012,2012,2016
2538.0,6.0,1108430.0,2012,2012,2016
2533.0,6.0,996746.0,2012,2012,2016
3161.0,3.0,491190.0,2013,,2017
1945.0,4.0,428365.0,,2014,2017
1958.0,3.0,438141.0,,2016,2017
1959.0,3.0,461681.0,,2014,2017
3182.0,3.0,391860.0,2013,2016,2016
3186.0,1.0,14425000.0,2013,2015,2016
3160.0,3.0,519685.0,2013,,2017
3215.0,6.0,2153000.0,2014,2014,2016
3216.0,6.0,2360000.0,2014,2015,2016
3168.0,6.0,9336000.0,2013,2015,2017
3183.0,3.0,421906.0,2013,2016,2016
3181.0,3.0,363901.0,2013,2016,2016
3217.0,6.0,2183000.0,2014,2015,2016
3218.0,6.0,2014000.0,2014,2015,2016
3335.0,6.0,2376226.0,2014,,2017
3331.0,3.0,809700.0,2014,2014,2016
3332.0,3.0,776575.0,2014,2014,2016
3333.0,3.0,806675.0,2014,2014,2016
3330.0,3.0,659707.0,2014,,2016
3343.0,1.0,1642988.0,2014,2015,2016
3346.0,1.0,1757988.0,2014,2016,2016
3318.0,6.0,1230540.0,2014,2016,2017
3320.0,6.0,1449954.0,2014,2016,2017
3319.0,6.0,1755275.0,2014,2016,2017
3300.0,1.0,716963.0,2014,2014,2017
3302.0,1.0,808423.0,2014,2014,2017
3306.0,3.0,402876.0,2014,2014,2017
3307.0,3.0,332745.0,2014,2014,2017
3308.0,3.0,357693.0,2014,2014,2017
3340.0,1.0,1481988.0,2014,2015,2016
3294.0,1.0,738640.0,2014,2014,2017
3296.0,1.0,648080.0,2014,2014,2017
3722.0,3.0,399000.0,2014,2014,2017
3723.0,3.0,529851.0,2014,,2016
3724.0,3.0,553306.0,2014,,2016
3743.0,6.0,935146.0,2014,2014,2017
3741.0,6.0,948447.0,2014,2014,2017
3742.0,6.0,889128.0,2014,2014,2017
3725.0,3.0,599000.0,2014,,2016
3726.0,3.0,591038.0,2014,2014,2016
3727.0,3.0,644907.0,2014,,2016
3728.0,3.0,661235.0,2014,,2016
3729.0,3.0,746208.0,2014,,2016
3740.0,6.0,902429.0,2014,2014,2017
3744.0,6.0,971970.0,2014,2014,2017
3747.0,6.0,1012512.0,2014,2016,2017
3748.0,6.0,1163354.0,2014,,2017
3900.0,3.0,669742.0,2015,2015,2017
3895.0,3.0,471711.0,2015,2015,2017
3896.0,3.0,542242.0,2015,2015,2017
3897.0,3.0,565012.0,2015,2015,2017
3898.0,3.0,586897.0,2015,2015,2017
3899.0,3.0,633382.0,2015,2015,2017
3922.0,1.0,1477700.0,2015,2015,2016
3923.0,1.0,1633300.0,2015,2015,2016
3915.0,6.0,7290000.0,2015,2015,2016
3903.0,1.0,935789.0,2015,2015,2017
3910.0,1.0,3963273.0,2015,2015,2016
3911.0,1.0,4240000.0,2015,2015,2017
3916.0,6.0,7600000.0,2015,2015,2016
3918.0,1.0,1595000.0,2015,2015,2016
3975.0,3.0,748914.0,2015,2015,2017
2184.0,1.0,19770000.0,2011,2014,2016
3919.0,1.0,1789300.0,2015,2015,2016
3920.0,1.0,1983400.0,2015,2015,2016
3921.0,1.0,2089200.0,2015,2015,2016
3924.0,2.0,21400000.0,2015,2016,2016
3969.0,3.0,3045000.0,2015,2017,2017
3970.0,3.0,2945000.0,2015,2015,2016
3972.0,1.0,865474.0,2015,2015,2017
4100.0,8.0,14130000.0,2015,2015,2016
4114.0,6.0,3050000.0,2015,,2016
4115.0,6.0,3423000.0,2015,,2016
4117.0,6.0,3823000.0,2015,2016,2016
4129.0,1.0,5219292.0,2015,2015,2016
4154.0,3.0,731850.0,2015,2015,2017
4155.0,3.0,839050.0,2015,2015,2017
4156.0,3.0,781250.0,2015,2015,2017
4160.0,3.0,829500.0,2015,2016,2017
4161.0,3.0,875500.0,2015,2016,2017
4162.0,3.0,918100.0,2015,2016,2017
4132.0,6.0,1454679.0,2015,2015,2017
4142.0,1.0,4326000.0,2015,,2016
4130.0,1.0,4992799.0,2015,2015,2017
4131.0,1.0,6166458.0,2015,2015,2016
4133.0,3.0,423162.0,2015,2016,2017
3973.0,3.0,3150000.0,2015,2016,2016
4134.0,9.0,499285.0,2015,2016,2017
4148.0,3.0,599000.0,2015,2015,2016
4149.0,6.0,6100000.0,2015,,2016
4153.0,3.0,696350.0,2015,2015,2017
4137.0,6.0,807061.0,2015,2015,2017
4139.0,6.0,1203515.0,2015,2015,2017
4144.0,6.0,878579.0,2015,2015,2017
4145.0,6.0,991988.0,2015,2015,2017
4146.0,6.0,1063866.0,2015,2015,2017
2784.0,3.0,465753.0,2013,2014,2017
2785.0,3.0,437289.0,2013,2014,2017
3018.0,3.0,708700.0,2013,2013,2017
3022.0,3.0,462500.0,2013,,2017
3023.0,3.0,492000.0,2013,,2017
3024.0,3.0,538600.0,2013,2013,2017
3025.0,5.0,15902277.0,2013,2016,2016
3026.0,5.0,20772257.0,2013,2016,2016
3049.0,1.0,12900000.0,2013,2015,2016
697.0,6.0,765609.0,,2013,2017
1840.0,4.0,266569.0,,2012,2017
1839.0,4.0,264862.0,,,2017
1447.0,7.0,995475.0,,2016,2017
2783.0,3.0,411248.0,2013,2017,2017
509.0,1.0,75500000.0,,,2015
3046.0,6.0,743913.0,2013,2013,2017
3045.0,6.0,683918.0,2013,2013,2017
3039.0,6.0,748875.0,2013,2013,2017
3038.0,6.0,706532.0,2013,2013,2017
3041.0,6.0,772541.0,2013,2013,2017
3040.0,6.0,732232.0,2013,2013,2017
3042.0,6.0,776080.0,2013,2013,2017
3043.0,6.0,830696.0,2013,2013,2017
3044.0,6.0,855298.0,2013,2013,2017
3369.0,6.0,1434289.0,2014,2014,2015
2798.0,2.0,56161081.0,2013,2013,2014
3055.0,6.0,717963.0,2013,,2016
3056.0,6.0,733470.0,2013,,2016
698.0,6.0,717709.0,,2014,2017
3468.0,1.0,11684311.0,2014,2015,2016
3052.0,6.0,959272.0,2013,2014,2015
3050.0,6.0,1277730.0,2013,2014,2015
3054.0,6.0,764023.0,2013,2013,2016
3051.0,6.0,1269983.0,2013,2014,2015
3067.0,3.0,487537.0,2013,2016,2017
3274.0,6.0,28114507.0,2014,2016,2016
3275.0,6.0,22362418.0,2014,2016,2016
3583.0,6.0,10000000.0,2014,2016,2015
3584.0,6.0,11100000.0,2014,2016,2015
3534.0,6.0,978150.0,2014,2016,2017
3585.0,6.0,738300.0,2014,2016,2017
3586.0,6.0,847100.0,2014,2016,2017
3535.0,6.0,1084650.0,2014,2016,2017
3587.0,6.0,888550.0,2014,2016,2017
3588.0,6.0,964550.0,2014,2016,2017
3589.0,6.0,1198150.0,2014,2016,2017
3580.0,1.0,785257.0,2014,2014,2017
3579.0,1.0,666454.0,2014,2014,2017
2234.0,1.0,624569.0,2011,2013,2016
2162.0,1.0,572471.0,,2013,2016
2163.0,1.0,604668.0,,2013,2016
1820.0,1.0,604292.0,,2013,2017
3681.0,2.0,32847201.0,2014,,2014
3599.0,6.0,6790000.0,2014,2015,2016
1821.0,1.0,623090.0,,2013,2017
3682.0,2.0,35381296.0,2014,,2014
3684.0,5.0,36321029.0,2014,,2014
3685.0,5.0,39108740.0,2014,,2014
3686.0,5.0,44195686.0,2014,,2014
501.0,2.0,35664927.0,,2014,2014
3843.0,3.0,282635.0,2014,2015,2017
4055.0,6.0,4844000.0,2015,2016,2016
4056.0,6.0,5154000.0,2015,2016,2016
4057.0,6.0,5544000.0,2015,2016,2016
4074.0,6.0,5522600.0,2015,2015,2016
4075.0,1.0,4458000.0,2015,2015,2016
4076.0,1.0,4820000.0,2015,2015,2016
4067.0,6.0,8290000.0,2015,2015,2016
3844.0,9.0,388154.0,2014,2016,2017
4066.0,6.0,7096700.0,2015,2015,2016
3846.0,9.0,408490.0,2014,2016,2017
3847.0,9.0,478975.0,2014,2016,2017
4044.0,1.0,3565000.0,2015,2015,2017
4068.0,3.0,512142.0,2015,2015,2017
4072.0,6.0,4680500.0,2015,2015,2016
4073.0,6.0,4999800.0,2015,2015,2016
4078.0,3.0,223449.0,2015,2015,2017
4079.0,3.0,258813.0,2015,2015,2017
4080.0,3.0,300394.0,2015,2015,2017
4089.0,1.0,89000000.0,2015,2015,2016
4091.0,6.0,1062000.0,2015,2015,2017
4071.0,1.0,4085000.0,2015,2015,2016
4092.0,6.0,1250555.0,2015,,2017
4069.0,1.0,3440000.0,2015,,2016
4081.0,6.0,1388525.0,2015,2015,2017
4082.0,6.0,1563292.0,2015,2015,2017
4085.0,6.0,1653723.0,2015,2015,2017
4087.0,2.0,11500000.0,2015,2015,2016
4088.0,2.0,12200000.0,2015,2015,2016
4070.0,1.0,3725000.0,2015,2015,2016
4310.0,1.0,26885000.0,2015,2015,2016
4311.0,1.0,18451000.0,2015,,2016
4333.0,6.0,875508.0,2015,,2017
4334.0,6.0,858708.0,2015,,2017
4335.0,6.0,717261.0,2015,,2017
4336.0,6.0,723750.0,2015,,2017
4337.0,6.0,783037.0,2015,,2017
4338.0,6.0,835528.0,2015,,2017
4339.0,6.0,875491.0,2015,,2017
4314.0,6.0,661723.0,2015,2015,2017
4315.0,6.0,755511.0,2015,2015,2017
4316.0,6.0,816675.0,2015,2015,2017
4329.0,6.0,6190000.0,2015,2016,2016
4330.0,6.0,7290000.0,2015,2016,2016
4331.0,3.0,382540.0,2015,2016,2017
4332.0,9.0,454602.0,2015,2016,2017
4313.0,6.0,622062.0,2015,2015,2017
4340.0,3.0,991000.0,2015,2016,2017
4309.0,3.0,379576.0,2015,2015,2017
2477.0,6.0,970029.0,2012,2012,2016
2945.0,6.0,630000.0,2013,2014,2017
2942.0,6.0,630000.0,2013,2014,2017
2259.0,6.0,791579.0,2011,2013,2017
2725.0,6.0,2105905.0,2012,2014,2016
2726.0,6.0,2514398.0,2012,2014,2017
3641.0,1.0,521147.0,2014,2014,2017
3640.0,1.0,624003.0,2014,2014,2017
3642.0,1.0,587398.0,2014,2014,2017
3643.0,1.0,606863.0,2014,2014,2017
3645.0,1.0,781315.0,2014,2014,2017
2258.0,6.0,846083.0,2011,2014,2017
2257.0,6.0,870685.0,2011,2014,2017
2943.0,6.0,680000.0,2013,2014,2017
2936.0,6.0,730000.0,2013,2014,2017
2469.0,6.0,2779520.0,2012,,2016
2476.0,6.0,899896.0,2012,2012,2016
2986.0,1.0,15000000.0,2013,2015,2015
2985.0,1.0,12710223.0,2013,2015,2014
2282.0,3.0,330791.0,2011,2016,2017
2287.0,3.0,430747.0,2011,2014,2017
2132.0,6.0,593460.0,,2016,2017
2689.0,3.0,515962.0,2012,2014,2016
2964.0,3.0,649207.0,2013,2013,2017
2965.0,3.0,677726.0,2013,2013,2017
2687.0,3.0,505323.0,2012,2013,2017
2688.0,3.0,553583.0,2012,2013,2017
2966.0,3.0,743132.0,2013,2013,2017
2981.0,2.0,20100000.0,2013,2013,2015
2984.0,1.0,11950000.0,2013,2015,2015
2982.0,1.0,11700000.0,2013,2015,2015
3650.0,6.0,1034650.0,2014,2016,2017
3653.0,6.0,4800000.0,2014,2014,2016
3651.0,6.0,1141650.0,2014,2016,2017
2342.0,2.0,50549880.0,2011,,2014
3654.0,6.0,5390000.0,2014,2015,2016
2642.0,2.0,55000000.0,2012,2012,2016
2475.0,6.0,795624.0,2012,2012,2016
3652.0,6.0,1254850.0,2014,2016,2017
2928.0,4.0,515000.0,2013,2016,2016
2296.0,2.0,34000000.0,2011,2015,2011
3829.0,3.0,3190000.0,2014,2014,2016
3825.0,1.0,4066226.0,2014,2015,2017
3830.0,1.0,13590000.0,2014,2014,2016
3834.0,1.0,12550000.0,2014,,2016
3833.0,2.0,12770000.0,2014,2017,2016
3827.0,6.0,2739120.0,2014,,2016
3828.0,3.0,2850000.0,2014,,2016
3838.0,6.0,12100000.0,2014,,2015
3837.0,6.0,10400000.0,2014,,2015
3835.0,6.0,17800000.0,2014,,2015
4024.0,2.0,6345000.0,2015,2015,2016
4027.0,1.0,3028057.0,2015,2015,2016
4002.0,2.0,7650000.0,2015,2015,2016
4003.0,5.0,8025000.0,2015,2015,2016
4026.0,3.0,278982.0,2015,2015,2017
4025.0,3.0,320456.0,2015,2015,2017
4298.0,3.0,636500.0,2015,2016,2017
4300.0,3.0,599900.0,2015,,2017
4302.0,3.0,666600.0,2015,2016,2017
4303.0,3.0,725600.0,2015,2016,2017
4304.0,3.0,465500.0,2015,,2017
4305.0,3.0,570600.0,2015,,2017
4299.0,3.0,743500.0,2015,2016,2017
3842.0,5.0,4735000.0,2014,2014,2016
3840.0,3.0,624825.0,2014,2015,2017
3841.0,3.0,736229.0,2014,2015,2017
3997.0,5.0,11500000.0,2015,,2015
4295.0,3.0,494500.0,2015,2015,2017
4297.0,3.0,581900.0,2015,,2017
4430.0,6.0,7290000.0,2015,,2016
4429.0,6.0,8095000.0,2015,2015,2016
4433.0,5.0,33000000.0,2015,,2015
4436.0,2.0,47200000.0,2015,,2015
4434.0,5.0,41500000.0,2015,,2015
4435.0,2.0,38800000.0,2015,,2016
4432.0,2.0,40700000.0,2015,2015,2015
4423.0,3.0,2845000.0,2015,2015,2017
4424.0,3.0,2745000.0,2015,2015,2016
4422.0,1.0,2310127.0,2015,2016,2017
4437.0,1.0,56200000.0,2015,2015,2015
4438.0,1.0,52800000.0,2015,,2015
4292.0,3.0,307206.0,2015,2015,2017
4293.0,3.0,332312.0,2015,2015,2017
4294.0,3.0,366576.0,2015,2015,2017
4439.0,3.0,444206.0,2015,2016,2017
4440.0,3.0,459286.0,2015,2016,2017
4539.0,3.0,635000.0,2016,2016,2016
4441.0,3.0,2660900.0,2015,2015,2016
4538.0,3.0,532000.0,2016,2016,2016
4537.0,3.0,561000.0,2016,2016,2016
4426.0,6.0,1409330.0,2015,2015,2017
4427.0,6.0,1561366.0,2015,2015,2017
4291.0,3.0,264734.0,2015,2015,2017
4007.0,6.0,787831.0,2015,2016,2017
4004.0,6.0,885831.0,2015,2016,2017
4540.0,6.0,885831.0,2016,,2017
3999.0,3.0,695176.0,2015,,2017
4000.0,3.0,508281.0,2015,,2017
4001.0,3.0,624002.0,2015,,2017
4555.0,1.0,1127300.0,2016,2016,2017
4552.0,1.0,917100.0,2016,2016,2017
4553.0,1.0,1035000.0,2016,2016,2017
4554.0,1.0,1009300.0,2016,2016,2017
2650.0,1.0,939365.0,2012,2012,2017
2655.0,1.0,794078.0,2012,2012,2017
2656.0,1.0,899067.0,2012,2014,2017
4542.0,3.0,544700.0,2016,2016,2017
3225.0,3.0,404652.0,2014,2014,2017
3226.0,3.0,434886.0,2014,2014,2017
3227.0,3.0,465166.0,2014,2014,2017
3228.0,3.0,451858.0,2014,2015,2017
3236.0,6.0,3082200.0,2014,2014,2017
3235.0,6.0,3298902.0,2014,2014,2017
3234.0,6.0,2956575.0,2014,2014,2017
2042.0,4.0,595000.0,,2016,2016
2041.0,4.0,545000.0,,2016,2016
2610.0,1.0,833336.0,2012,2012,2017
2609.0,1.0,759835.0,2012,2012,2017
2608.0,1.0,735267.0,2012,2012,2017
3229.0,3.0,482016.0,2014,2015,2017
3230.0,3.0,511596.0,2014,2014,2017
3491.0,6.0,680000.0,2014,2016,2017
3492.0,6.0,730000.0,2014,2016,2017
3481.0,1.0,797300.0,2014,2014,2016
3482.0,1.0,886066.0,2014,2014,2016
3483.0,1.0,846133.0,2014,2014,2016
3485.0,1.0,952035.0,2014,2014,2016
3717.0,1.0,717495.0,2014,2014,2016
3718.0,1.0,707556.0,2014,,2016
3719.0,1.0,749357.0,2014,,2016
3720.0,1.0,781792.0,2014,2014,2016
3721.0,1.0,844465.0,2014,2014,2016
3486.0,1.0,999000.0,2014,2014,2016
3488.0,1.0,1082011.0,2014,2014,2017
3696.0,1.0,32057705.0,2014,,2014
3706.0,6.0,2829010.0,2014,,2016
3707.0,2.0,34300000.0,2014,2015,2014
3714.0,1.0,576549.0,2014,,2016
3715.0,1.0,617815.0,2014,,2016
3716.0,1.0,666598.0,2014,2014,2016
4042.0,1.0,2930000.0,2015,2016,2017
4043.0,1.0,3290000.0,2015,2016,2017
4029.0,1.0,11535000.0,2015,,2016
4030.0,1.0,14045000.0,2015,,2016
4234.0,1.0,2710000.0,2015,,2017
4239.0,1.0,13275000.0,2015,,2016
4244.0,6.0,745084.0,2015,2016,2017
4250.0,6.0,972484.0,2015,2016,2017
4245.0,6.0,781084.0,2015,2016,2017
4246.0,6.0,811884.0,2015,2016,2017
4247.0,6.0,837584.0,2015,2016,2017
4031.0,1.0,14565000.0,2015,2015,2016
4232.0,6.0,5682000.0,2015,,2016
4233.0,6.0,6431000.0,2015,,2016
4248.0,6.0,911084.0,2015,2016,2017
4249.0,6.0,898784.0,2015,2016,2017
4454.0,3.0,503586.0,2016,2016,2017
4455.0,3.0,525777.0,2016,2016,2017
4458.0,3.0,618565.0,2016,2016,2017
4459.0,3.0,554400.0,2016,2016,2017
4448.0,1.0,1741555.0,2015,2015,2017
4450.0,1.0,857534.0,2016,,2017
4451.0,1.0,8965000.0,2016,2016,2016
4452.0,3.0,458089.0,2016,2016,2016
4453.0,3.0,491575.0,2016,2016,2017
4479.0,3.0,617429.0,2016,,2017
4447.0,6.0,3089000.0,2015,2016,2017
4482.0,3.0,716027.0,2016,,2017
4485.0,1.0,10416000.0,2016,,2016
4442.0,6.0,2663000.0,2015,2016,2017
4444.0,6.0,2378000.0,2015,2016,2017
4445.0,6.0,2768000.0,2015,2016,2017
4446.0,6.0,2793000.0,2015,2016,2017
4488.0,1.0,5050000.0,2016,,2016
4483.0,3.0,676588.0,2016,,2017
4484.0,3.0,812339.0,2016,,2017
4489.0,6.0,25228698.0,2016,2016,2016
4490.0,6.0,25953926.0,2016,,2016
4491.0,6.0,26737578.0,2016,,2016
4492.0,6.0,21150427.0,2016,2016,2016
3224.0,6.0,2858946.0,2014,2014,2016
3223.0,6.0,2748917.0,2014,2014,2016
4600.0,1.0,2968173.0,2016,2016,2017
4596.0,1.0,2498554.0,2016,2016,2017
4592.0,1.0,1234169.0,2016,2016,2017
4593.0,1.0,1315635.0,2016,2016,2017
4597.0,1.0,2665226.0,2016,2016,2017
4598.0,1.0,2907608.0,2016,2016,2017
4599.0,1.0,3210552.0,2016,2016,2017
3222.0,6.0,2418825.0,2014,2014,2016
4602.0,1.0,5324304.0,2016,,2016
4603.0,1.0,6356921.0,2016,,2016
4601.0,1.0,5097812.0,2016,2016,2016
4608.0,6.0,945215.0,2016,2016,2017
4609.0,6.0,864575.0,2016,,2017
4594.0,3.0,498690.0,2016,2016,2017
4595.0,3.0,577689.0,2016,2016,2017
4606.0,3.0,651707.0,2016,2016,2016
4607.0,3.0,783575.0,2016,2016,2016
4726.0,6.0,963301.0,2016,,2016
4727.0,6.0,888500.0,2016,2016,2016
4728.0,6.0,934800.0,2016,,2016
4729.0,6.0,993301.0,2016,,2016
4724.0,6.0,979799.0,2016,,2016
4725.0,6.0,858501.0,2016,,2016
4731.0,6.0,980484.0,2016,2016,2017
4730.0,6.0,906784.0,2016,2016,2017
4732.0,1.0,544900.0,2016,2016,2017
4733.0,1.0,621900.0,2016,2016,2017
4734.0,1.0,730500.0,2016,2016,2017
4732.0,1.0,554900.0,2016,2016,2017
4733.0,1.0,631900.0,2016,2016,2017
4782.0,6.0,1476132.0,2016,,2017
4781.0,1.0,1378516.0,2016,,2016
4783.0,6.0,1672248.0,2016,,2017
4784.0,6.0,1757082.0,2016,,2017
511.0,2.0,15850000.0,,2011,2015
2819.0,6.0,2237900.0,2013,2013,2017
2822.0,6.0,2652400.0,2013,2013,2017
513.0,5.0,17100000.0,,,2015
1198.0,5.0,15900000.0,,2015,2015
2115.0,5.0,25500000.0,,2012,2016
2109.0,2.0,24000000.0,,2012,2014
2108.0,2.0,18622500.0,,2012,2014
1676.0,4.0,324575.0,,2014,2017
1677.0,4.0,354911.0,,2014,2017
1678.0,4.0,341786.0,,2014,2017
1199.0,5.0,17850000.0,,2015,2015
1200.0,2.0,21400000.0,,2013,2015
2820.0,6.0,2419400.0,2013,2013,2017
516.0,5.0,10200000.0,,,2015
510.0,2.0,13800000.0,,2013,2015
1195.0,2.0,14800000.0,,2013,2015
1196.0,5.0,16100000.0,,2011,2015
514.0,2.0,16800000.0,,2011,2015
1197.0,5.0,18100000.0,,,2015
512.0,5.0,15100000.0,,2011,2015
2833.0,6.0,20350000.0,2013,2015,2016
2840.0,6.0,871057.0,2013,2013,2015
2838.0,6.0,642052.0,2013,2013,2015
2839.0,6.0,855789.0,2013,2013,2015
3106.0,1.0,751203.0,2013,2016,2017
3107.0,1.0,824928.0,2013,2016,2017
3105.0,1.0,646336.0,2013,2016,2017
3113.0,1.0,34016695.0,2013,2014,2014
3084.0,6.0,999000.0,2013,,2016
3083.0,6.0,999000.0,2013,,2016
3086.0,6.0,1178000.0,2013,2013,2017
3089.0,6.0,1335000.0,2013,2014,2017
3135.0,6.0,17826279.0,2013,2016,2016
1998.0,2.0,120000000.0,,,2014
3136.0,6.0,11834847.0,2013,2013,2016
3255.0,6.0,24900000.0,2014,,2014
3128.0,1.0,5400000.0,2013,2015,2016
3130.0,1.0,6200000.0,2013,2013,2016
3348.0,1.0,1531516.0,2014,2015,2016
3349.0,1.0,1661516.0,2014,2015,2016
3350.0,1.0,1727516.0,2014,2014,2016
3351.0,1.0,1866516.0,2014,2014,2016
3080.0,3.0,3100000.0,2013,2013,2016
3137.0,6.0,13452291.0,2013,2014,2016
3138.0,6.0,15452159.0,2013,2014,2016
3352.0,3.0,500803.0,2014,,2017
3785.0,1.0,996160.0,2014,2014,2017
3784.0,1.0,930629.0,2014,2015,2017
3773.0,6.0,3488227.0,2014,2015,2016
3774.0,6.0,3593393.0,2014,2015,2016
3775.0,6.0,3284469.0,2014,2015,2016
3771.0,3.0,805968.0,2014,2014,2017
3772.0,3.0,875971.0,2014,2014,2017
3770.0,3.0,725958.0,2014,2014,2017
3808.0,6.0,7340000.0,2014,2016,2016
3776.0,1.0,753039.0,2014,2015,2017
3778.0,1.0,814017.0,2014,2015,2017
3780.0,1.0,879547.0,2014,2014,2017
3823.0,1.0,49300000.0,2014,,2015
3811.0,3.0,639540.0,2014,2017,2017
3814.0,3.0,746939.0,2014,2017,2017
3817.0,3.0,327090.0,2014,,2017
3818.0,3.0,343392.0,2014,,2017
3819.0,3.0,360222.0,2014,,2017
3820.0,3.0,380064.0,2014,,2017
3821.0,3.0,406709.0,2014,2016,2017
3822.0,3.0,406258.0,2014,2014,2017
3949.0,1.0,535483.0,2015,,2017
4197.0,1.0,20578000.0,2015,2016,2016
4198.0,1.0,26633000.0,2015,,2016
3952.0,1.0,616009.0,2015,,2017
3953.0,1.0,709598.0,2015,,2017
3954.0,1.0,807460.0,2015,,2017
3950.0,1.0,599019.0,2015,2015,2017
3951.0,1.0,702504.0,2015,2015,2017
3977.0,3.0,885609.0,2015,2015,2017
4196.0,6.0,21760569.0,2015,2015,2016
4201.0,3.0,3650000.0,2015,2015,2016
4215.0,6.0,4759000.0,2015,2015,2016
4216.0,6.0,5275000.0,2015,2015,2016
4217.0,6.0,5530000.0,2015,2015,2016
4218.0,6.0,6279000.0,2015,2015,2016
4231.0,6.0,5427000.0,2015,,2016
4353.0,6.0,817216.0,2015,2017,2017
4204.0,1.0,26283000.0,2015,,2016
4224.0,1.0,773157.0,2015,2015,2017
4225.0,1.0,788690.0,2015,2015,2017
4226.0,1.0,829757.0,2015,2015,2017
4227.0,1.0,896023.0,2015,2015,2017
3991.0,1.0,686702.0,2015,2016,2017
4228.0,1.0,956690.0,2015,2015,2017
4213.0,1.0,5375000.0,2015,2016,2016
4356.0,1.0,6620000.0,2015,,2016
4358.0,6.0,16150000.0,2015,2015,2016
4357.0,6.0,16650000.0,2015,2015,2016
4359.0,6.0,2399000.0,2015,2015,2017
4360.0,1.0,772582.0,2015,2015,2017
4361.0,3.0,704692.0,2015,2015,2017
4362.0,3.0,644946.0,2015,2015,2017
4363.0,3.0,711042.0,2015,2015,2017
4364.0,3.0,772275.0,2015,2015,2017
4470.0,3.0,349445.0,2016,,2017
4471.0,3.0,412762.0,2016,2016,2017
4472.0,3.0,412311.0,2016,,2017
4460.0,3.0,576767.0,2016,2016,2017
4461.0,3.0,588879.0,2016,2016,2017
4462.0,3.0,611245.0,2016,2016,2017
4465.0,3.0,709843.0,2016,2016,2017
1154.0,6.0,806279.0,,2013,2017
1494.0,2.0,25700000.0,,2013,2015
1251.0,7.0,896615.0,,2016,2017
3017.0,3.0,653800.0,2013,2013,2017
3016.0,3.0,685800.0,2013,2016,2017
1304.0,5.0,88400000.0,,,2015
3257.0,6.0,11128278.0,2014,2014,2015
3258.0,6.0,11992267.0,2014,2014,2015
2419.0,3.0,402125.0,2012,2016,2017
2418.0,3.0,370851.0,2012,,2017
2417.0,3.0,356644.0,2012,,2017
2413.0,3.0,397959.0,2012,2016,2017
2062.0,1.0,55486611.0,,2016,2014
1500.0,7.0,1099337.0,,2014,2016
1499.0,7.0,995753.0,,2014,2016
1244.0,5.0,39043420.0,,2014,2014
3272.0,6.0,26233907.0,2014,2016,2016
3273.0,6.0,27330854.0,2014,2016,2016
3263.0,2.0,12514710.0,2014,2014,2016
3264.0,2.0,14429609.0,2014,2014,2016
3265.0,2.0,19299589.0,2014,2014,2016
3006.0,6.0,860170.0,2013,2014,2017
3002.0,6.0,670413.0,2013,2014,2016
3003.0,6.0,763842.0,2013,2014,2016
1933.0,6.0,975078.0,,2015,2017
1934.0,6.0,1099949.0,,2015,2017
3005.0,6.0,716436.0,2013,2014,2017
3004.0,6.0,791307.0,2013,2014,2017
4181.0,1.0,15230248.0,2015,,2015
4182.0,1.0,22209343.0,2015,,2015
4183.0,2.0,18185037.0,2015,2015,2015
4179.0,1.0,11431331.0,2015,,2015
4180.0,5.0,20967317.0,2015,,2015
4189.0,6.0,1461749.0,2015,2016,2017
4169.0,6.0,1248402.0,2015,2015,2017
4186.0,6.0,1195459.0,2015,2015,2017
4187.0,6.0,1222566.0,2015,2015,2017
4188.0,6.0,1348310.0,2015,2015,2017
4194.0,6.0,12050000.0,2015,2015,2016
4195.0,6.0,889413.0,2015,,2017
4178.0,1.0,798600.0,2015,2015,2017
4170.0,1.0,539900.0,2015,2015,2017
4190.0,2.0,3680000.0,2015,2015,2015
4191.0,6.0,2390000.0,2015,2015,2016
4177.0,1.0,721600.0,2015,2015,2017
4174.0,1.0,828700.0,2015,2015,2017
4175.0,1.0,649600.0,2015,2015,2017
4172.0,1.0,599900.0,2015,2015,2017
4173.0,1.0,688900.0,2015,2015,2017
4512.0,1.0,4270000.0,2016,2016,2016
4511.0,1.0,3690000.0,2016,2016,2016
4513.0,1.0,4270000.0,2016,2016,2016
4514.0,1.0,4590000.0,2016,2016,2016
4499.0,3.0,484919.0,2016,,2017
4518.0,1.0,20766255.0,2016,,2016
4517.0,1.0,10126000.0,2016,,2016
4419.0,6.0,2334476.0,2015,2016,2016
4421.0,1.0,2150509.0,2015,2016,2017
4420.0,1.0,1583247.0,2015,,2017
1772.0,1.0,88300000.0,,,2015
4515.0,1.0,9999000.0,2016,2016,2016
4516.0,1.0,10772000.0,2016,,2016
4529.0,1.0,1295001.0,2016,,2016
4530.0,1.0,1495000.0,2016,,2017
4531.0,1.0,1595001.0,2016,,2017
4532.0,3.0,395000.0,2016,2016,2016
4533.0,3.0,428000.0,2016,2016,2016
4534.0,3.0,485000.0,2016,2016,2016
4535.0,3.0,495000.0,2016,2016,2016
4536.0,3.0,530000.0,2016,2016,2016
4507.0,1.0,4799000.0,2016,2016,2016
4506.0,1.0,3990000.0,2016,2016,2016
4504.0,6.0,688794.0,2016,,2016
4505.0,6.0,735097.0,2016,,2017
4628.0,1.0,806400.0,2016,2016,2017
4629.0,1.0,844300.0,2016,,2017
4635.0,6.0,791018.0,2016,2016,2017
4631.0,6.0,778018.0,2016,2016,2017
4632.0,6.0,871018.0,2016,2016,2017
4633.0,6.0,970017.0,2016,2016,2017
4634.0,6.0,739017.0,2016,2016,2017
4630.0,6.0,726017.0,2016,2016,2017
4639.0,1.0,3890000.0,2016,2016,2016
4636.0,1.0,105000000.0,2016,2016,2016
4640.0,1.0,1052397.0,2016,2016,2017
4522.0,3.0,729753.0,2016,2016,2017
4524.0,3.0,685786.0,2016,,2017
4525.0,3.0,741654.0,2016,2016,2017
4526.0,3.0,803220.0,2016,2016,2017
4527.0,3.0,853224.0,2016,2016,2017
4519.0,3.0,565244.0,2016,,2017
4520.0,3.0,620084.0,2016,2016,2017
4521.0,3.0,677383.0,2016,,2017
4641.0,5.0,3490000.0,2016,2016,2016
4645.0,1.0,4520000.0,2016,2016,2016
4646.0,6.0,887281.0,2016,2016,2016
4647.0,6.0,795101.0,2016,2016,2016
4648.0,6.0,969391.0,2016,2016,2016
4649.0,1.0,12875000.0,2016,,2016
4655.0,6.0,943872.0,2016,2016,2017
4656.0,6.0,1004849.0,2016,2016,2017
4657.0,3.0,324283.0,2016,2016,2017
4658.0,3.0,379909.0,2016,2016,2017
4659.0,3.0,410909.0,2016,2016,2017
4660.0,3.0,442190.0,2016,2016,2017
4661.0,3.0,398783.0,2016,2016,2017
4662.0,3.0,449908.0,2016,2016,2017
4663.0,3.0,490908.0,2016,2016,2017
4664.0,3.0,522189.0,2016,2016,2017
4787.0,6.0,12882795.0,2016,,2016
4788.0,6.0,14968511.0,2016,,2016
4790.0,6.0,38899197.0,2016,2016,2016
4791.0,6.0,39990626.0,2016,2016,2016
4795.0,6.0,4098000.0,2016,,2016
4785.0,6.0,6862560.0,2016,2016,2017
4786.0,6.0,5650000.0,2016,2016,2016
4793.0,5.0,62500000.0,2016,2016,2016
4792.0,6.0,21150427.0,2016,,2016
4799.0,1.0,873000.0,2016,,2017
4800.0,1.0,944000.0,2016,2016,2017
4796.0,2.0,6630000.0,2016,2016,2017
4797.0,1.0,726000.0,2016,,2017
4798.0,1.0,993000.0,2016,2016,2017
1529.0,6.0,9364000.0,,2016,2016
4877.0,1.0,1954296.0,2016,2016,2017
4878.0,6.0,8290000.0,2016,2016,2017
4879.0,1.0,3810000.0,2016,2016,2016
4880.0,1.0,4120000.0,2016,2016,2016
4884.0,6.0,788185.0,2016,2016,2017
4882.0,6.0,689429.0,2016,2016,2017
4883.0,6.0,753758.0,2016,2016,2017
4889.0,1.0,694430.0,2016,2016,2016
4892.0,1.0,807470.0,2016,2016,2016
4890.0,1.0,722141.0,2016,,2016
4887.0,3.0,976881.0,2016,2016,2017
4888.0,3.0,839079.0,2016,,2017
4885.0,3.0,781442.0,2016,2016,2017
4886.0,3.0,905608.0,2016,2016,2017
4891.0,1.0,785256.0,2016,,2016
4893.0,1.0,835181.0,2016,,2016
4894.0,1.0,898296.0,2016,,2016
4895.0,3.0,564127.0,2016,2016,2016
4881.0,3.0,907451.0,2016,2016,2017
4939.0,3.0,925155.0,2016,2016,2017
4738.0,1.0,878300.0,2016,2016,2017
4739.0,1.0,962100.0,2016,2016,2017
4937.0,3.0,546330.0,2016,2016,2016
4735.0,1.0,656400.0,2016,2016,2017
4938.0,3.0,595091.0,2016,2016,2016
4736.0,1.0,760500.0,2016,2016,2017
4737.0,1.0,844300.0,2016,2016,2017
4941.0,1.0,4036036.0,2016,2016,2017
4949.0,1.0,1034963.0,2016,2016,2016
4950.0,1.0,1136088.0,2016,2016,2016
4951.0,1.0,948900.0,2016,2016,2016
4952.0,1.0,1039913.0,2016,2016,2016
4953.0,1.0,1161150.0,2016,2016,2016
4948.0,1.0,1029688.0,2016,2016,2016
4945.0,3.0,2609000.0,2016,2016,2016
4946.0,1.0,827550.0,2016,2016,2016
4947.0,1.0,918563.0,2016,2016,2016
4735.0,1.0,666400.0,2016,2016,2017
4942.0,5.0,42700000.0,2016,2016,2016
4943.0,6.0,1395000.0,2016,2016,2017
4736.0,1.0,770500.0,2016,2016,2017
4738.0,1.0,888300.0,2016,2016,2017
5041.0,1.0,745600.0,2017,2017,2017
5045.0,3.0,690600.0,2017,2017,2017
5044.0,3.0,605900.0,2017,2017,2017
5043.0,3.0,620300.0,2017,2017,2017
5042.0,3.0,506500.0,2017,2017,2017
4944.0,1.0,41000000.0,2016,2016,2016
5049.0,6.0,5925000.0,2017,2017,2017
5050.0,6.0,6465000.0,2017,2017,2017
5051.0,6.0,5320000.0,2017,2017,2017
5047.0,6.0,4910000.0,2017,2017,2017
5048.0,6.0,5420000.0,2017,2017,2017
5055.0,3.0,2832000.0,2017,2017,2017
5056.0,3.0,2731000.0,2017,2017,2017
5057.0,3.0,3035000.0,2017,2017,2017
5058.0,3.0,2934000.0,2017,2017,2017
5061.0,3.0,517265.0,2017,2017,2017
5060.0,3.0,485323.0,2017,2017,2017
5060.0,3.0,489084.0,2017,2017,2017
5059.0,3.0,466091.0,2017,2017,2017
5059.0,3.0,469852.0,2017,2017,2017
3708.0,6.0,970975.0,2014,2014,2017
5053.0,6.0,1069000.0,2017,2017,2017
5052.0,6.0,1039000.0,2017,2017,2017
5062.0,3.0,532737.0,2017,2017,2017
4941.0,1.0,4048536.0,2016,2016,2017
5062.0,3.0,536498.0,2017,2017,2017
5061.0,3.0,513504.0,2017,2017,2017
5063.0,5.0,34500000.0,2017,2017,2017
5064.0,5.0,38900000.0,2017,2017,2017
4365.0,3.0,843716.0,2015,2015,2017
4367.0,6.0,13439000.0,2015,,2017
4368.0,6.0,20758135.0,2015,2016,2016
4390.0,1.0,626757.0,2015,2015,2017
4391.0,1.0,721859.0,2015,2015,2017
4388.0,1.0,551556.0,2015,2016,2017
4389.0,1.0,636446.0,2015,2016,2017
4381.0,2.0,29900000.0,2015,,2015
4395.0,3.0,424828.0,2015,2015,2017
4396.0,3.0,472034.0,2015,,2017
4397.0,3.0,455061.0,2015,,2017
4398.0,3.0,502192.0,2015,,2017
4399.0,3.0,525256.0,2015,,2017
4402.0,3.0,512908.0,2015,,2017
4403.0,1.0,1501988.0,2015,2015,2016
4382.0,2.0,24257000.0,2015,2015,2016
4387.0,1.0,706875.0,2015,2016,2017
4394.0,6.0,1672248.0,2015,2015,2017
4392.0,6.0,1757082.0,2015,,2017
4373.0,3.0,534951.0,2015,2015,2017
4374.0,3.0,502019.0,2015,2015,2017
4371.0,3.0,484703.0,2015,2015,2017
4372.0,3.0,517664.0,2015,2015,2017
4694.0,6.0,1380015.0,2016,2016,2017
4695.0,6.0,999991.0,2016,2016,2017
4691.0,6.0,1202088.0,2016,2016,2017
4699.0,6.0,1388525.0,2016,2016,2017
4700.0,6.0,1563292.0,2016,2016,2017
4701.0,6.0,1653723.0,2016,2016,2017
4112.0,6.0,282400.0,2015,2016,2016
4714.0,6.0,1012900.0,2016,2016,2017
4715.0,6.0,1126250.0,2016,2016,2017
4716.0,6.0,1117050.0,2016,2016,2017
4717.0,6.0,1212750.0,2016,2016,2017
4718.0,6.0,1211050.0,2016,2016,2017
4113.0,6.0,243450.0,2015,2016,2016
4712.0,6.0,899350.0,2016,2016,2017
4704.0,6.0,1510800.0,2016,2016,2017
4706.0,6.0,1989300.0,2016,2016,2017
4708.0,6.0,2119300.0,2016,2016,2017
4709.0,6.0,1515300.0,2016,2016,2017
4711.0,6.0,1799300.0,2016,2016,2017
3294.0,1.0,742335.0,2014,2014,2017
3302.0,1.0,812119.0,2014,2014,2017
1958.0,3.0,441789.0,,2016,2017
1940.0,6.0,641219.0,,2011,2017
1941.0,6.0,626433.0,,2011,2017
1959.0,3.0,465329.0,,2014,2017
3161.0,3.0,494836.0,2013,,2017
3160.0,3.0,523332.0,2013,,2017
1946.0,4.0,394859.0,,2014,2017
4371.0,3.0,488464.0,2015,2015,2017
4372.0,3.0,521425.0,2015,2015,2017
1945.0,4.0,431434.0,,2014,2017
4116.0,6.0,3578000.0,2015,2016,2016
4373.0,3.0,538711.0,2015,2015,2017
4374.0,3.0,505780.0,2015,2015,2017
3296.0,1.0,651727.0,2014,2014,2017
3300.0,1.0,720610.0,2014,2014,2017
4715.0,6.0,1132250.0,2016,2016,2017
4716.0,6.0,1123050.0,2016,2016,2017
4718.0,6.0,1217050.0,2016,2016,2017
4717.0,6.0,1218750.0,2016,2016,2017
4160.0,3.0,833500.0,2015,2016,2017
4155.0,3.0,843050.0,2015,2015,2017
4161.0,3.0,879500.0,2015,2016,2017
4162.0,3.0,922100.0,2015,2016,2017
4153.0,3.0,700350.0,2015,2015,2017
4154.0,3.0,735850.0,2015,2015,2017
4156.0,3.0,785250.0,2015,2015,2017
5076.0,3.0,732890.0,2017,2017,2017
5076.0,3.0,736584.0,2017,2017,2017
4714.0,6.0,1018900.0,2016,2016,2017
5079.0,6.0,5630000.0,2017,2017,2017
5082.0,1.0,4020000.0,2017,2017,2017
5088.0,3.0,501115.0,2017,2017,2017
5089.0,3.0,559088.0,2017,2017,2017
4692.0,6.0,1269882.0,2016,2016,2017
4693.0,6.0,1103651.0,2016,2016,2017
4696.0,6.0,1121507.0,2016,2016,2017
4697.0,6.0,965958.0,2016,2016,2017
4698.0,6.0,1246631.0,2016,2016,2017
4705.0,6.0,1794800.0,2016,2016,2017
4707.0,6.0,1640800.0,2016,2016,2017
4710.0,6.0,1645300.0,2016,2016,2017
5083.0,3.0,599513.0,2017,2017,2017
5084.0,3.0,619971.0,2017,2017,2017
5081.0,5.0,4798000.0,2017,2017,2017
5085.0,3.0,653189.0,2017,2017,2017
5086.0,3.0,660304.0,2017,2017,2017
5087.0,3.0,480939.0,2017,2017,2017
1939.0,2.0,19900000.0,,2016,2016
4713.0,6.0,1013400.0,2016,2016,2017
4719.0,6.0,1317750.0,2016,2016,2017
4720.0,6.0,1226050.0,2016,2016,2017
4721.0,1.0,3690000.0,2016,,2016
4722.0,1.0,4270000.0,2016,,2016
4723.0,6.0,874800.0,2016,2016,2016
4915.0,3.0,357479.0,2016,,2017
4916.0,3.0,333143.0,2016,,2017
4916.0,3.0,336903.0,2016,,2017
4917.0,6.0,5190000.0,2016,,2016
4918.0,6.0,5150000.0,2016,,2016
4919.0,3.0,469000.0,2016,2016,2016
4920.0,3.0,520000.0,2016,2016,2016
4921.0,3.0,595000.0,2016,2016,2016
4922.0,3.0,681600.0,2016,2016,2016
4923.0,6.0,6840000.0,2016,2016,2016
4924.0,6.0,7779500.0,2016,2016,2017
4925.0,6.0,11837531.0,2016,2016,2017
4926.0,6.0,12278401.0,2016,2016,2017
4927.0,6.0,975375.0,2016,,2017
4928.0,6.0,1056015.0,2016,,2017
4929.0,6.0,1388655.0,2016,,2017
4930.0,6.0,3890000.0,2016,2016,2016
4720.0,6.0,1232050.0,2016,2016,2017
4719.0,6.0,1323750.0,2016,2016,2017
4933.0,1.0,4750000.0,2016,2016,2016
4932.0,1.0,4650000.0,2016,2016,2016
4931.0,1.0,4330000.0,2016,2016,2016
4654.0,6.0,931642.0,2016,2016,2017
4642.0,1.0,725127.0,2016,2016,2017
4643.0,1.0,698558.0,2016,2016,2017
4644.0,1.0,12072000.0,2016,,2016
4650.0,3.0,470251.0,2016,2016,2017
4651.0,6.0,754917.0,2016,2016,2017
4652.0,6.0,794969.0,2016,2016,2017
4653.0,6.0,865563.0,2016,2016,2017
4665.0,3.0,397909.0,2016,2016,2017
4650.0,3.0,474012.0,2016,2016,2017
4499.0,3.0,488681.0,2016,,2017
2417.0,3.0,360268.0,2012,,2017
2418.0,3.0,374475.0,2012,,2017
2413.0,3.0,401585.0,2012,2016,2017
2419.0,3.0,405750.0,2012,2016,2017
4819.0,1.0,755150.0,2016,2016,2017
4820.0,1.0,678100.0,2016,,2017
4821.0,1.0,766100.0,2016,,2017
4833.0,6.0,973831.0,2016,2016,2017
4832.0,6.0,1039831.0,2016,2016,2017
4834.0,5.0,7750000.0,2016,2016,2016
4860.0,6.0,1386356.0,2016,2016,2017
4858.0,6.0,1368353.0,2016,2016,2017
4859.0,6.0,1233506.0,2016,2016,2017
4836.0,3.0,2985000.0,2016,,2016
4861.0,6.0,926630.0,2016,,2017
4868.0,1.0,1810188.0,2016,,2017
4869.0,1.0,1490189.0,2016,,2017
4870.0,1.0,1650189.0,2016,,2017
4871.0,1.0,1780188.0,2016,,2017
4872.0,1.0,1930188.0,2016,,2017
4864.0,1.0,1299000.0,2016,,2017
4865.0,1.0,1490189.0,2016,,2017
4508.0,6.0,7159000.0,2016,2017,2016
4509.0,6.0,10300000.0,2016,2016,2016
4837.0,6.0,11200000.0,2016,2016,2016
4875.0,1.0,1928886.0,2016,2016,2017
4876.0,1.0,2092659.0,2016,2016,2017
4866.0,1.0,1600189.0,2016,,2017
4867.0,1.0,1670188.0,2016,,2017
4873.0,6.0,7490000.0,2016,,2017
4862.0,3.0,392376.0,2016,,2017
4863.0,3.0,405376.0,2016,,2017
4628.0,1.0,810400.0,2016,2016,2017
4862.0,3.0,388576.0,2016,,2017
4863.0,3.0,401576.0,2016,,2017
4874.0,1.0,5275000.0,2016,,2016
4963.0,6.0,2592000.0,2016,2016,2016
4964.0,6.0,2761000.0,2016,2016,2016
4955.0,1.0,1267325.0,2016,2016,2016
4959.0,6.0,2752000.0,2016,2016,2016
4960.0,6.0,2914000.0,2016,2016,2016
4954.0,1.0,1156312.0,2016,2016,2016
4961.0,6.0,3005000.0,2016,2016,2016
4968.0,1.0,699600.0,2016,,2017
4965.0,5.0,22370000.0,2016,2016,2016
4966.0,5.0,6000000.0,2016,2016,2016
4967.0,1.0,589900.0,2016,2016,2017
4994.0,1.0,3171137.0,2016,2016,2016
4999.0,6.0,1038831.0,2016,2016,2017
5001.0,6.0,1155830.0,2016,2016,2017
5000.0,6.0,1125831.0,2016,2016,2017
4969.0,3.0,545700.0,2016,,2017
4958.0,1.0,1769269.0,2016,2016,2017
4995.0,1.0,3401925.0,2016,2016,2017
4996.0,1.0,3502262.0,2016,2016,2016
4997.0,6.0,972831.0,2016,2016,2017
4998.0,6.0,1046831.0,2016,2016,2017
5002.0,6.0,5490000.0,2016,2016,2016
5003.0,6.0,7350000.0,2016,2016,2016
4629.0,1.0,848300.0,2016,,2017
5025.0,3.0,459000.0,2017,2017,2017
5026.0,3.0,519001.0,2017,2017,2017
4193.0,6.0,1429549.0,2015,,2017
4192.0,6.0,1550999.0,2015,,2017
5015.0,1.0,12300000.0,2016,2016,2016
5016.0,6.0,1749000.0,2016,2017,2017
5017.0,6.0,1199000.0,2017,2017,2017
5018.0,6.0,1385000.0,2017,2017,2017
4821.0,1.0,770100.0,2016,,2017
4819.0,1.0,759150.0,2016,2016,2017
5020.0,6.0,1505000.0,2017,2017,2017
5019.0,6.0,1620000.0,2017,2017,2017
4962.0,6.0,3112000.0,2016,2016,2016
4970.0,3.0,646500.0,2016,2016,2017
5021.0,6.0,1740000.0,2017,2017,2017
5116.0,2.0,8553000.0,2017,2017,2017
5115.0,2.0,8163000.0,2017,2017,2017
4972.0,3.0,435376.0,2016,2016,2017
5008.0,1.0,7430000.0,2016,2016,2016
4956.0,1.0,5350000.0,2016,2016,2017
5005.0,6.0,670235.0,2016,2016,2017
4971.0,1.0,15965000.0,2016,,2016
4972.0,3.0,431576.0,2016,2016,2017
5007.0,7.0,1015973.0,2016,2016,2017
5006.0,7.0,917109.0,2016,2016,2017
5012.0,3.0,2599250.0,2016,2016,2017
5014.0,1.0,12600000.0,2016,2016,2016
5013.0,3.0,2903100.0,2016,2016,2017
5009.0,3.0,3790000.0,2016,2016,2016
5010.0,3.0,2779500.0,2016,2016,2017
5011.0,3.0,3400000.0,2016,2016,2017
5114.0,6.0,810000.0,2017,2017,2017
5113.0,6.0,785000.0,2017,2017,2017
4473.0,3.0,509730.0,2016,2016,2017
4474.0,3.0,531920.0,2016,,2017
4477.0,3.0,624709.0,2016,,2017
4478.0,3.0,595063.0,2016,,2017
3248.0,1.0,1519298.0,2014,,2016
3249.0,1.0,1682300.0,2014,2014,2016
4346.0,6.0,989000.0,2015,2016,2017
4349.0,6.0,886000.0,2015,2016,2017
4350.0,6.0,942000.0,2015,2016,2017
4351.0,6.0,1019000.0,2015,2016,2017
4583.0,1.0,911911.0,2016,2016,2017
4584.0,1.0,999679.0,2016,2016,2017
4585.0,1.0,984098.0,2016,2016,2017
4587.0,1.0,1089797.0,2016,2016,2017
4588.0,1.0,920787.0,2016,2016,2017
4589.0,1.0,1035659.0,2016,2016,2017
4591.0,1.0,1107844.0,2016,2016,2017
3819.0,3.0,363983.0,2014,,2017
3820.0,3.0,383825.0,2014,,2017
3821.0,3.0,410470.0,2014,2016,2017
3822.0,3.0,410019.0,2014,2014,2017
4470.0,3.0,353205.0,2016,,2017
4471.0,3.0,416523.0,2016,2016,2017
3818.0,3.0,347153.0,2014,,2017
3817.0,3.0,330851.0,2014,,2017
4579.0,3.0,768500.0,2016,,2017
4578.0,6.0,1246631.0,2016,,2017
4576.0,6.0,7850000.0,2016,2016,2016
4575.0,3.0,567309.0,2016,2016,2017
4472.0,3.0,416072.0,2016,,2017
4751.0,3.0,331752.0,2016,2016,2017
4752.0,3.0,373752.0,2016,,2017
1676.0,4.0,327644.0,,2014,2017
1677.0,4.0,357980.0,,2014,2017
1678.0,4.0,344855.0,,2014,2017
4751.0,3.0,335513.0,2016,2016,2017
2820.0,6.0,2431900.0,2013,2013,2017
2822.0,6.0,2664900.0,2013,2013,2017
5090.0,3.0,574833.0,2017,2017,2017
5092.0,6.0,5600000.0,2017,2017,2017
5097.0,1.0,1284990.0,2017,2017,2017
5091.0,1.0,849990.0,2017,2017,2017
5094.0,1.0,999990.0,2017,2017,2017
5095.0,1.0,1153990.0,2017,2017,2017
5096.0,1.0,1164990.0,2017,2017,2017
5093.0,1.0,953990.0,2017,2017,2017
5099.0,1.0,1075990.0,2017,2017,2017
5100.0,1.0,1155990.0,2017,2017,2017
5101.0,1.0,1286990.0,2017,2017,2017
5102.0,1.0,1356990.0,2017,2017,2017
5098.0,1.0,1352990.0,2017,2017,2017
5110.0,3.0,588284.0,2017,2017,2017
5109.0,3.0,566093.0,2017,2017,2017
5108.0,3.0,679301.0,2017,2017,2017
5107.0,3.0,656936.0,2017,2017,2017
5106.0,3.0,594427.0,2017,2017,2017
5105.0,3.0,572237.0,2017,2017,2017
5104.0,3.0,685485.0,2017,2017,2017
5103.0,3.0,663120.0,2017,2017,2017
5091.0,1.0,855990.0,2017,2017,2017
5093.0,1.0,959990.0,2017,2017,2017
5099.0,1.0,1081990.0,2017,2017,2017
5095.0,1.0,1159990.0,2017,2017,2017
5100.0,1.0,1161990.0,2017,2017,2017
5096.0,1.0,1170990.0,2017,2017,2017
5097.0,1.0,1290990.0,2017,2017,2017
5101.0,1.0,1292990.0,2017,2017,2017
5098.0,1.0,1358990.0,2017,2017,2017
5102.0,1.0,1362990.0,2017,2017,2017
5111.0,1.0,3198500.0,2017,2017,2017
5112.0,1.0,3896040.0,2017,2017,2017
4574.0,3.0,458409.0,2016,2016,2017
4580.0,3.0,910400.0,2016,,2017
4582.0,1.0,793858.0,2016,2016,2017
4586.0,1.0,1065563.0,2016,2016,2017
4590.0,1.0,1124343.0,2016,2016,2017
4742.0,6.0,8190000.0,2016,2016,2016
4743.0,3.0,246752.0,2016,,2017
4744.0,3.0,252752.0,2016,,2017
4745.0,3.0,280752.0,2016,,2017
4746.0,3.0,286752.0,2016,,2017
4747.0,3.0,306752.0,2016,2016,2017
4748.0,3.0,312752.0,2016,2016,2017
4749.0,3.0,367752.0,2016,,2017
4750.0,3.0,325752.0,2016,2016,2017
4753.0,1.0,632505.0,2016,2016,2017
4754.0,1.0,721543.0,2016,2016,2017
4753.0,1.0,636152.0,2016,2016,2017
4754.0,1.0,725237.0,2016,2016,2017
4755.0,1.0,690834.0,2016,2016,2017
4756.0,7.0,1330187.0,2016,2016,2017
4757.0,6.0,1476132.0,2016,2016,2017
4749.0,3.0,371513.0,2016,,2017
4752.0,3.0,377513.0,2016,,2017
4743.0,3.0,250513.0,2016,,2017
4744.0,3.0,256513.0,2016,,2017
4745.0,3.0,284513.0,2016,,2017
4746.0,3.0,290513.0,2016,,2017
4747.0,3.0,310513.0,2016,2016,2017
4748.0,3.0,316513.0,2016,2016,2017
4750.0,3.0,329513.0,2016,2016,2017
4755.0,1.0,694481.0,2016,2016,2017
4801.0,1.0,999000.0,2016,,2017
4802.0,3.0,546000.0,2016,,2017
4803.0,3.0,641000.0,2016,,2017
4804.0,3.0,701000.0,2016,,2017
4805.0,3.0,756000.0,2016,,2017
4808.0,6.0,10464000.0,2016,,2016
4806.0,6.0,10668000.0,2016,,2016
4543.0,3.0,612900.0,2016,2016,2017
4544.0,3.0,704100.0,2016,2016,2017
4545.0,3.0,692400.0,2016,2016,2017
4546.0,3.0,783100.0,2016,2016,2017
4547.0,3.0,854300.0,2016,2016,2017
4551.0,1.0,819600.0,2016,2016,2017
4551.0,1.0,829600.0,2016,2016,2017
4552.0,1.0,927100.0,2016,2016,2017
4542.0,3.0,554700.0,2016,2016,2017
4543.0,3.0,622900.0,2016,2016,2017
4545.0,3.0,702400.0,2016,2016,2017
4546.0,3.0,793100.0,2016,2016,2017
4548.0,3.0,921300.0,2016,2016,2017
4549.0,3.0,910900.0,2016,2016,2017
4677.0,6.0,38500000.0,2016,2016,2016
4678.0,6.0,1297979.0,2016,2016,2017
4676.0,6.0,1131887.0,2016,,2017
4674.0,6.0,1009630.0,2016,,2017
4671.0,3.0,765719.0,2016,2016,2017
4670.0,3.0,539907.0,2016,,2017
4680.0,1.0,544188.0,2016,,2017
4669.0,3.0,508907.0,2016,2016,2017
4668.0,3.0,467907.0,2016,2016,2017
4667.0,3.0,459909.0,2016,2016,2017
4666.0,3.0,428909.0,2016,2016,2017
4682.0,1.0,619162.0,2016,,2017
2287.0,3.0,434372.0,2011,2014,2017
4291.0,3.0,268534.0,2015,2015,2016
4292.0,3.0,311006.0,2015,2015,2017
4293.0,3.0,336112.0,2015,2015,2017
4294.0,3.0,370376.0,2015,2015,2017
4440.0,3.0,463047.0,2015,2016,2017
4439.0,3.0,447967.0,2015,2016,2017
4681.0,1.0,630514.0,2016,,2017
4682.0,1.0,615515.0,2016,,2017
4683.0,1.0,704552.0,2016,,2017
4680.0,1.0,547836.0,2016,,2017
4681.0,1.0,634208.0,2016,,2017
4683.0,1.0,708246.0,2016,,2017
2282.0,3.0,334415.0,2011,2016,2017
4896.0,3.0,588188.0,2016,2016,2016
4897.0,3.0,639231.0,2016,2016,2016
4898.0,3.0,694053.0,2016,2016,2016
4899.0,3.0,711614.0,2016,2016,2016
4900.0,3.0,753657.0,2016,2016,2016
4901.0,6.0,12500000.0,2016,2016,2016
4904.0,6.0,617917.0,2016,2016,2017
4905.0,1.0,4950000.0,2016,2016,2016
4906.0,1.0,5680000.0,2016,,2016
4907.0,1.0,6210000.0,2016,,2016
4908.0,1.0,5655000.0,2016,,2016
4909.0,1.0,6185000.0,2016,,2016
4910.0,2.0,37100000.0,2016,2016,2016
4911.0,3.0,686000.0,2016,2016,2017
4912.0,3.0,746000.0,2016,2016,2017
4913.0,3.0,985000.0,2016,2016,2017
4973.0,6.0,1899000.0,2016,2016,2017
4974.0,6.0,2184187.0,2016,2016,2017
4975.0,6.0,2164186.0,2016,2016,2017
4976.0,6.0,2353188.0,2016,2016,2017
4977.0,6.0,2499900.0,2016,2016,2017
4980.0,6.0,7684000.0,2016,2016,2016
4985.0,3.0,588700.0,2016,2016,2017
4986.0,3.0,652300.0,2016,2016,2017
4987.0,3.0,762300.0,2016,2016,2017
4988.0,3.0,720250.0,2016,,2017
4989.0,3.0,788850.0,2016,2016,2017
4990.0,3.0,733200.0,2016,2016,2017
4991.0,3.0,883800.0,2016,2016,2017
5040.0,1.0,635900.0,2017,2017,2017
5039.0,1.0,661600.0,2017,2017,2017
5038.0,1.0,551900.0,2017,2017,2017
5030.0,3.0,669000.0,2017,2017,2017
5027.0,3.0,574000.0,2017,2017,2017
5028.0,3.0,575001.0,2017,2017,2017
5029.0,3.0,630000.0,2017,2017,2017
5031.0,3.0,639000.0,2017,2017,2017
5032.0,3.0,694001.0,2017,2017,2017
5033.0,3.0,691001.0,2017,2017,2017
5034.0,3.0,746000.0,2017,2017,2017
5035.0,3.0,780000.0,2017,2017,2017
4987.0,3.0,766300.0,2016,2016,2017
5036.0,3.0,816000.0,2017,2017,2017
4317.0,2.0,17690000.0,2015,,2016
4318.0,3.0,528280.0,2015,2015,2017
4319.0,3.0,598729.0,2015,2015,2017
4320.0,3.0,659222.0,2015,2015,2017
4321.0,3.0,729794.0,2015,2015,2017
4564.0,2.0,25500000.0,2016,,2016
4565.0,6.0,3099000.0,2016,2016,2016
4566.0,6.0,3499000.0,2016,2016,2016
4567.0,6.0,3699000.0,2016,,2016
4568.0,6.0,4099000.0,2016,,2016
4569.0,1.0,15450000.0,2016,2016,2016
4570.0,1.0,15950000.0,2016,2016,2016
4558.0,1.0,1172800.0,2016,2016,2017
4560.0,1.0,1265200.0,2016,2016,2017
4556.0,1.0,959700.0,2016,2016,2017
4557.0,1.0,1061000.0,2016,2016,2017
4556.0,1.0,949700.0,2016,2016,2017
4557.0,1.0,1051000.0,2016,2016,2017
4611.0,6.0,945215.0,2016,2016,2017
4612.0,6.0,1046015.0,2016,,2017
4613.0,6.0,1085615.0,2016,2016,2017
4614.0,6.0,1166975.0,2016,,2017
4615.0,6.0,1116655.0,2016,,2017
4616.0,6.0,1177135.0,2016,,2017
4617.0,6.0,1247615.0,2016,,2017
4618.0,6.0,1308095.0,2016,,2017
4619.0,6.0,1378655.0,2016,,2017
4620.0,1.0,552900.0,2016,,2017
4621.0,1.0,599900.0,2016,,2017
4559.0,1.0,1148400.0,2016,2016,2017
4343.0,6.0,882000.0,2015,2016,2017
4344.0,6.0,992200.0,2015,2016,2017
4345.0,6.0,856000.0,2015,2016,2017
4571.0,1.0,14450000.0,2016,2016,2016
4572.0,1.0,11400000.0,2016,2016,2016
4573.0,1.0,12290000.0,2016,2016,2016
4622.0,1.0,703750.0,2016,,2017
4623.0,1.0,743150.0,2016,,2017
4624.0,1.0,743150.0,2016,,2017
4626.0,1.0,666100.0,2016,,2017
4627.0,1.0,754100.0,2016,,2017
1839.0,4.0,267747.0,,,2017
1840.0,4.0,269637.0,,2012,2017
4309.0,3.0,383376.0,2015,2015,2017
4776.0,3.0,313500.0,2016,2016,2017
3067.0,3.0,491298.0,2013,2016,2017
2783.0,3.0,415009.0,2013,2017,2017
2784.0,3.0,469514.0,2013,2014,2017
2785.0,3.0,441050.0,2013,2014,2017
4763.0,3.0,445022.0,2016,2016,2017
4762.0,3.0,407958.0,2016,2016,2017
4762.0,3.0,411582.0,2016,2016,2017
4763.0,3.0,448646.0,2016,2016,2017
4622.0,1.0,707750.0,2016,,2017
4623.0,1.0,747150.0,2016,,2017
4624.0,1.0,747150.0,2016,,2017
4627.0,1.0,758100.0,2016,,2017
3586.0,6.0,853100.0,2014,2016,2017
3588.0,6.0,970550.0,2014,2016,2017
3534.0,6.0,984150.0,2014,2016,2017
3535.0,6.0,1090650.0,2014,2016,2017
5071.0,3.0,639890.0,2017,2017,2017
5065.0,3.0,458400.0,2017,2017,2017
5067.0,3.0,598990.0,2017,2017,2017
5068.0,3.0,565990.0,2017,2017,2017
5069.0,3.0,596295.0,2017,2017,2017
5070.0,3.0,682790.0,2017,2017,2017
5066.0,3.0,522990.0,2017,2017,2017
5072.0,3.0,568400.0,2017,2017,2017
5073.0,3.0,615990.0,2017,2017,2017
5074.0,3.0,658989.0,2017,2017,2017
5075.0,3.0,689791.0,2017,2017,2017
5065.0,3.0,462046.0,2017,2017,2017
5066.0,3.0,526637.0,2017,2017,2017
5068.0,3.0,569636.0,2017,2017,2017
5069.0,3.0,599941.0,2017,2017,2017
5067.0,3.0,602637.0,2017,2017,2017
5071.0,3.0,643538.0,2017,2017,2017
5070.0,3.0,686437.0,2017,2017,2017
5072.0,3.0,572095.0,2017,2017,2017
5073.0,3.0,619685.0,2017,2017,2017
5074.0,3.0,662684.0,2017,2017,2017
5075.0,3.0,693486.0,2017,2017,2017
4610.0,6.0,965375.0,2016,,2017
4625.0,1.0,843150.0,2016,,2017
4771.0,1.0,950000.0,2016,2016,2016
4772.0,1.0,975000.0,2016,2016,2016
4773.0,1.0,1000000.0,2016,2016,2016
4774.0,3.0,241900.0,2016,2016,2017
4775.0,3.0,286600.0,2016,2016,2017
4777.0,3.0,325666.0,2016,2016,2017
4778.0,3.0,340601.0,2016,2016,2017
4779.0,1.0,4369000.0,2016,,2016
4780.0,1.0,5400000.0,2016,,2016
4764.0,3.0,366640.0,2016,2016,2017
4765.0,3.0,380849.0,2016,2016,2017
4766.0,3.0,412122.0,2016,2016,2017
4767.0,3.0,455021.0,2016,2016,2017
4764.0,3.0,370265.0,2016,2016,2017
4765.0,3.0,384473.0,2016,2016,2017
4766.0,3.0,415747.0,2016,2016,2017
4767.0,3.0,458645.0,2016,2016,2017
4840.0,1.0,5400000.0,2016,,2016
4843.0,6.0,776000.0,2016,,2017
4844.0,6.0,846000.0,2016,,2017
4841.0,6.0,711000.0,2016,2016,2017
4842.0,6.0,786000.0,2016,,2017
4845.0,9.0,480552.0,2016,2016,2016
4846.0,3.0,409974.0,2016,2016,2016
4807.0,6.0,10886000.0,2016,,2016
4816.0,3.0,999000.0,2016,,2017
4817.0,1.0,564900.0,2016,,2017
4818.0,1.0,643000.0,2016,,2017
4814.0,6.0,1269882.0,2016,,2017
4815.0,6.0,1380015.0,2016,,2017
4809.0,6.0,965958.0,2016,,2017
4811.0,6.0,1121507.0,2016,2016,2017
4812.0,6.0,1103651.0,2016,,2017
4813.0,6.0,1202088.0,2016,,2017
4810.0,6.0,999991.0,2016,,2017
4818.0,1.0,647000.0,2016,,2017
4851.0,6.0,1398800.0,2016,,2017
4852.0,6.0,1403300.0,2016,,2017
4853.0,6.0,1682800.0,2016,2016,2017
4854.0,6.0,1509800.0,2016,,2017
4855.0,6.0,1514300.0,2016,,2017
4856.0,6.0,1988300.0,2016,,2017
4857.0,6.0,999900.0,2016,,2017
4839.0,1.0,1095263.0,2016,,2016
4847.0,6.0,1421800.0,2016,,2017
4848.0,6.0,1426300.0,2016,,2017
4625.0,1.0,847150.0,2016,,2017
